Cluster,desempleo_total,indice_facilidad_para_hacer_negocios,crecimiento_PIB_per_capita,contaminacion_aire,inflacion_deflactor_PIB,medicos_por_1000_personas,inversion_extranjera_directa,crecimiento_poblacion_urbana,PIB_per_capita,comercio_servicios,corrupcion,libertad
0,-0.5151700105192593,0.9462609866185503,-0.23456977516923955,0.46388226539312605,-0.13826210850973603,-0.8679732486641544,-0.21312706733249437,0.9333479552349595,-0.645629661438023,-0.46278681353310497,-0.08873680282358375,0.390995156563136
1,-0.24761203105046894,-0.27290528318030205,1.3287982642764682,-0.36053309253384674,0.20586048727647915,0.3981967700196445,3.7459950726853593,1.0686371684226323,1.7985717379687791,3.2360922311208875,1.2724312890085216,1.0063846371300387
2,-0.30938967305211923,-0.9181184361297583,-0.19701348471607294,-1.2235987605757517,-0.25720446448057704,0.6962765764744641,-0.2987916537328025,0.047249659926124496,1.1832495226887378,-0.08578572743239372,1.1917270440581098,0.944449225077383
3,-0.6426476844909187,-0.3560419919637054,-1.0747560082581245,0.47594158952435234,2.2761784932100046,0.8697306352781734,-0.429236526888142,-0.6656461436695358,-0.6469983362239693,-0.48167033468787085,-0.5203196113993717,-0.6443238312751688
4,0.8246055688354295,-0.07814850625639905,0.36846096105816306,0.336901417157826,-0.2984694879188902,0.011033684264327475,-0.12608905022821432,-0.8254789372170187,-0.3474426562941046,0.04146991227028703,-0.7668786933308944,-0.9392672579973239
